Shrt_Desc,Class,Sugar_Tot_.g.,Iron_.mg.,Cholestrl_.mg.
CEREALS/WHL WHEAT HOT NAT CRL/CKD W/ H2O/WO/ SALT,1.0,0.08,0.62,0.0
CANDIES/MR. GOODBAR CHOC BAR,3.0,47.22,1.39,10.0
Snacks/ granola bar/ QUAKER/ DIPPS/ all flavors,2.0,37.61,1.16,0.0
CANDIES/ROLO CARAMELS IN MILK CHOC,3.0,63.93,0.42,12.0
ICE CREAMS/BREYERS/NO SUGAR ADDED/BUTTER PECAN,3.0,5.9,0.19,18.0
RICE CAKES/BROWN RICE/PLN/UNSALTED,2.0,0.88,1.49,0.0
COCOA/DRY PDR/HI-FAT OR BRKFST/PLN,3.0,1.55,14.5,0.0
CEREALS RTE/KELLOGG'S FRSTD MINI-WHTS TOUCH FRT MDL MXD BER,1.0,17.8,29.5,0.0
CEREALS/CRM OF WHEAT/REG (10 MINUTE)/CKD W/ H2O/W/ SALT,1.0,0.03,3.99,0.0
CANDIES/MARS SNACKFOOD US/TWIX CHOC FUDGE COOKIE BARS,3.0,53.0,1.31,6.0
CEREALS RTE/NATURE'S PATH/ORGANIC FLAX PLUS FLAKES,1.0,12.25,5.89,0.0
CEREALS/QUAKER/CORN GRITS/INST/PLN/DRY,1.0,1.51,38.75,0.0
CEREALS/QUAKER/INST OATMEAL EXPRESS CINN ROLL/DRY,1.0,30.91,6.67,0.0
FORM BAR/MARS SNACKFOOD US/COCOAVIA/CHOC BLUEBERRY,2.0,33.4,1.88,2.0
CEREALS RTE/AMARANTH FLAKES,1.0,0.42,1.76,0.0
SWEETENERS/TABLETOP/FRUCTOSE/DRY/PDR,3.0,92.7,0.1,0.0
CEREALS RTE/POST SELECTS BLUEBERRY MORNING,1.0,29.2,3.3,0.0
SWEETENERS/TABLETOP/FRUCTOSE/LIQ,3.0,76.0,0.11,0.0
CANDIES/MARS SNACKFOOD US/MILKY WAY BAR,3.0,59.69,0.49,9.0
CEREALS RTE/POST RAISIN BRAN CRL,1.0,34.0,18.3,0.0
CEREALS RTE/GENERAL MILLS/WHEATIES,1.0,15.2,33.3,0.0
CEREALS RTE/GENERAL MILLS/FRANKENBERRY,1.0,27.29,13.6,0.0
CEREALS RTE/GENERAL MILLS/CINN BURST CHEERIOS,1.0,28.1,25.29,0.0
CEREALS RTE/QUAKER/MAPLE BROWN SUGAR LIFE CRL,1.0,24.9,28.69,0.0
CEREALS RTE/QUAKER/CAP'N CRUNCH'S OOPS! ALL BERRIES CRL,1.0,44.18,21.57,0.0
CEREALS RTE/KASHI GOOD FRIENDS,1.0,18.8,4.1,0.0
CEREALS RTE/GENERAL MILLS/FRUITY CHEERIOS,1.0,32.2,16.7,0.0
CANDIES/TRUFFLES/PREPARED-FROM-RECIPE,3.0,38.31,1.75,53.0
CEREALS/QUAKER/WHL WHEAT NAT CRL,1.0,2.0,3.3,0.0
FROZEN NOVELTIES/ICE TYPE/LIME,3.0,32.6,0.16,0.0
TRAIL MIX/REG/W/CHOC CHIPS/SALTED NUTS&SEEDS,2.0,23.88,3.39,4.0
CANDIES/FUDGE/PNUT BUTTER/PREPARED-FROM-RECIPE,3.0,73.36,0.22,3.0
CEREALS/OATS/INST/FORT/W/ RAISINS & SPICE/DRY,1.0,37.14,9.43,0.0
CEREALS RTE/GENERAL MILLS/CHEERIOS/BANANA NUT,1.0,33.1,16.1,0.0
SUGARS/BROWN,3.0,97.02,0.71,0.0
CEREALS RTE/KELLOGG/KELLOGG'S RAISIN BRAN,1.0,31.3,12.33,0.0
FROZEN YOGURTS/FLAVORS OTHER THAN CHOC,3.0,19.92,0.46,13.0
SNACKS/POTATO CHIPS/FAT-FREE/MADE W/OLESTRA,2.0,0.0,2.4,0.0
CEREALS RTE/NATURE'S PATH/OPTIMUM SLIM,1.0,18.18,4.91,0.0
CANDIES/CRISPY BAR W/ PNUT BUTTER FILLING,3.0,40.33,1.3,5.0
FROZ NOVLT/ICE CRM/VAN ICE CRM/LT/NO SUGAR ADDED/CHOC COATD,3.0,8.52,0.29,10.0
JAMS&PRESERVES/APRICOT,3.0,43.4,0.49,0.0
CEREALS RTE/QUAKER/QUAKER CINN OATMEAL SQUARES,1.0,16.6,29.52,0.0
CEREALS RTE/BARBARA'S PUFFINS/ORIGINAL,1.0,18.52,1.33,0.0
CANDIES/MARS SNACKFOOD US/3 MUSKETEERS BAR,3.0,66.89,0.67,5.0
CEREALS RTE/GENERAL MILLS/FIBER ONE/RAISIN BRAN CLUSTERS,1.0,25.5,8.19,0.0
COCOA/DRY PDR/HI-FAT OR BRKFST/PROC W/ALKALI,3.0,1.53,14.5,0.0
SUGARS/POWDERED,3.0,97.81,0.06,0.0
CANDIES/CONFECTIONER'S COATING/YOGURT,3.0,62.36,0.14,1.0
SNACKS/FRITOLAY/SUNCHIPS/MULTIGRAIN/HARVEST CHEDDAR,2.0,7.05,1.41,0.0
ICE CREAMS/VANILLA/LT/NO SUGAR ADDED,3.0,6.46,0.19,27.0
CEREALS RTE/MALT-O-MEAL/HONEY GRAHAM SQUARES,1.0,32.7,33.81,0.0
CEREALS/WHL WHEAT HOT NAT CRL/DRY,1.0,0.42,3.39,0.0
CEREALS/WHEATENA/CKD W/ H2O/W/ SALT,1.0,0.25,0.56,0.0
CHEWING GUM,3.0,66.08,0.0,0.0
CEREALS RTE/KELLOGG'S/FRUIT HARVEST STRAWBERRY/BLUEBERRY,1.0,33.5,15.5,0.0
CEREALS/QUAKER/INST OATMEAL/CINNAMON-SPICE/DRY,1.0,21.14,8.31,0.0
CEREALS RTE/QUAKER/QUAKER GRANOLA W/ OATS/WHEAT& RAISINS,1.0,24.63,2.69,2.0
CEREALS RTE/KASHI ORGANIC PROMISE/STRAWBERRY FIELDS,1.0,20.5,1.8,0.0
CEREALS RTE/GENERAL MILLS/LUCKY CHARMS,1.0,36.13,22.27,0.0
CEREALS RTE/KELLOGG/KELLOGG'S ALL-BRAN BRAN BUDS,1.0,26.7,15.0,0.0
ORIENTAL MIX/RICE-BASED,2.0,3.0,2.44,0.0
CEREALS RTE/QUAKER/SHREDDED WHEAT/BAGGED CRL,1.0,0.81,3.33,0.0
PUDDINGS/CHOC/DRY MIX/INST/PREP W/ WHOLE MILK,3.0,11.96,0.34,9.0
GELATIN DSSRT/DRY MIX/RED CAL/W/ ASPRT,3.0,0.0,0.06,0.0
CEREALS RTE/KELLOGG'S APPL JACKS W/ MARSHMALLOWS,1.0,51.1,16.1,0.0
CEREALS/QUAKER/HOMINY GRITS/WHITE/QUICK/DRY,1.0,1.0,3.52,0.0
CEREALS/CREAM OF WHEAT/INST/DRY,1.0,0.4,28.6,0.0
CEREALS RTE/GENERAL MILLS/WHEAT CHEX,1.0,10.3,30.6,0.0
FROSTINGS/GLAZE/PREPARED-FROM-RECIPE,3.0,80.44,0.03,1.0
SNACKS/POPCORN/HOME-PREPARED/OIL-POPPED/UNSALTED,2.0,0.54,2.78,0.0
FROZEN NOVELTIES/ICE TYPE/POP/W/ LO CAL SWTNR,3.0,1.52,0.67,0.0
CEREALS/CREAM OF RICE/CKD W/ H2O/W/ SALT,1.0,0.04,3.96,0.0
CANDIES/HARD/DIETETIC OR LO CAL (SORBITOL),3.0,93.0,0.0,0.0
FROZEN NOVELTIES/SUGAR FREE/CREAMSICLE POPS,3.0,0.43,0.03,0.0
FRZ NVL/ KLONDIKE/SLIM-A-BEAR FUDG BR/98% FT FR/NO SGR ADDED,3.0,7.1,0.71,7.0
CEREALS RTE/KELLOGG'S/SPL K PROT PLUS,1.0,20.3,25.3,0.0
FRUIT LEATHER/ROLLS,3.0,49.16,1.01,0.0
FROSTINGS/COCONUT-NUT/RTE,3.0,40.0,0.54,0.0
CEREALS RTE/UNCLE SAM CRL,1.0,1.56,4.03,0.0
CEREALS/FARINA/ENR/ASSORTED BRANDS/QUICK/CKD W/ H2O/WO/ SALT,1.0,0.76,5.33,0.0
TORTILLA CHIPS/LOFAT/BKD WO/FAT,2.0,0.67,1.6,0.0
CEREALS RTE/MALT-O-MEAL/TOOTIE FRUITIES,1.0,45.7,15.5,1.0
CANDIES/MARS SNACKFOOD US/SNICKERS BAR,3.0,50.47,0.72,13.0
MILK DSSRT/FRZ/MILK-FAT FREE/CHOC,3.0,37.7,0.04,0.0
CEREALS RTE/GENERAL MILLS/COUNT CHOCULA,1.0,33.09,16.7,0.0
POPCORN/MICROWAVE/LOFAT&NA,2.0,0.54,2.28,0.0
FORMBAR/MARSSNACK/SNICKERS MARATHONPROTPERFBAR/CARMELNUTRUSH,2.0,28.75,10.13,6.0
POTATO CHIPS/BARBECUE-FLAVOR,2.0,5.47,1.36,0.0
CEREALS RTE/QUAKER/HONEY GRAHAM OH!S,1.0,43.23,21.99,0.0
SHERBET/ORANGE,3.0,24.32,0.14,1.0
PIE FILLINGS/APPL/CND,3.0,13.8,0.29,0.0
PUDDINGS/BANANA/DRY MIX/INST/PREP W/ WHL MILK,3.0,17.38,0.05,9.0
CEREALS RTE/KELLOGG'S CINN JACKS,1.0,33.9,16.1,0.0
CEREALS RTE/GENERAL MILLS/CHOC LUCKY CHARMS,1.0,36.5,16.1,0.0
CANDIES/NOUGAT/W/ ALMONDS,3.0,83.33,0.59,0.0
CANDIES/WHATCHAMACALLIT CANDY BAR,3.0,48.86,1.13,12.0
MILK & CRL BAR,2.0,45.97,5.99,6.0
CEREALS RTE/POST/GOLDEN CRISP,1.0,53.6,6.7,0.0
CEREALS RTE/RALSTON TASTEEOS,1.0,4.64,30.0,0.0
CEREALS RTE/KELLOGG/KELLOGG'S CINNABON CRL,1.0,41.6,15.7,0.0
CEREALS RTE/GENERAL MILLS/FIBER ONE/NUTTY CLUSTERS & ALMONDS,1.0,21.79,8.19,0.0
CEREALS RTE/POST/SHREDDED WHEAT/LIGHTLY FRSTD/SPOON-SIZE,1.0,22.3,3.46,0.0
CEREALS/FARINA/ENR/ASSORTED BRANDS/DRY,1.0,0.56,33.39,0.0
ICE CREAMS/CHOC/LT,3.0,24.71,0.69,28.0
Sweetener/ syrup/ agave,3.0,68.03,0.09,0.0
CHOCOLATE/DK/45- 59% CACAO SOL,3.0,47.9,8.02,8.0
CEREALS RTE/QUAKER/KING VITAMAN,1.0,20.27,29.0,0.0
CEREALS RTE/QUAKER/MOTHER'S CINN OAT CRUNCH,1.0,25.07,3.6,0.0
CEREALS RTE/KELLOGG/SPL K/FRUIT & YOGURT,1.0,32.1,25.3,0.0
CEREALS RTE/GENERAL MILLS CINN CHEX,1.0,26.1,27.0,0.0
CEREALS RTE/QUAKER/CAP'N CRUNCH,1.0,44.32,19.42,0.0
CEREALS RTE/GENERAL MILLS/MULTI-GRAIN CHEERIOS,1.0,21.0,28.1,0.0
SNACKS/SWT POTATO CHIPS/UNSALTED,2.0,8.82,2.12,0.0
ICE CREAMS/BREYERS/ALL NAT LT MINT CHOC CHIP,3.0,25.38,0.52,15.0
SUGARS/GRANULATED,3.0,99.8,0.05,0.0
CEREALS RTE/KELLOGG'S KRAVE CHOC CRL,1.0,35.7,14.5,1.0
POTATO CHIPS/FAT FREE/SALTED,2.0,3.69,3.57,0.0
PRETZELS/HARD/PLN/SALTED,2.0,2.43,5.45,0.0
CEREALS RTE/KELLOGG'S/FRSTD MINI-WHEATS BITE SIZE STRAWB DEL,1.0,22.7,29.5,0.0
ICE CREAMS/BREYERS/NO SUGAR ADDED/FRENCH VANILLA,3.0,7.7,0.19,53.0
CEREALS RTE/QUAKER/LOFAT 100% NAT GRANOLA W/ RAISINS,1.0,25.65,2.58,1.0
PUDDINGS/CHOC FLAVOR/LO CAL/INST/DRY MIX,3.0,0.7,3.11,0.0
CEREALS/QUAKER/INST OATMEAL/BANANA BREAD/DRY,1.0,30.47,9.95,0.0
BAKING CHOC/UNSWTND/LIQ,3.0,0.0,4.15,0.0
SYRUP/CANE,3.0,73.2,3.6,0.0
CANDIES/MARS SNACKFOOD US/MILKY WAY MIDNIGHT BAR,3.0,57.81,1.2,10.0
CANDIES/MARS SNACKFOOD US/TWIX CARAMEL COOKIE BARS,3.0,48.25,0.81,7.0
YOGURT/FRZ/CHOC/NON-FAT MILK/W/LO CAL SWTNR,3.0,12.61,0.04,4.0
GELATINS/DRY PDR/UNSWTND,3.0,0.0,1.11,0.0
DESSERTS/MOUSSE/CHOC/PREPARED-FROM-RECIPE,3.0,14.81,0.55,140.0
CEREALS RTE/GENERAL MILLS/FIBER ONE BRAN CRL,1.0,0.19,15.0,0.0
PUDDINGS/TAPIOCA/DRY MIX,3.0,65.0,0.12,0.0
CEREALS/KASHI GO LN HOT CRL/CREAMY TRULY VANILLA/DRY,1.0,15.0,3.5,0.0
SNACKS/PLANTAIN CHIPS/SALTED,2.0,0.92,0.97,0.0
PUDDINGS/VANILLA/RTE,3.0,16.97,0.09,1.0
CANDIES/WHITE CHOC,3.0,59.0,0.24,21.0
GRANOLA BAR/W/COCNT/CHOC COATD,2.0,34.27,1.75,0.0
CEREALS RTE/POST/ALPHA-BITS,1.0,21.0,30.0,0.0
CANDIES/SEMISWEET CHOC,3.0,54.5,3.13,0.0
CEREALS RTE/KASHI ORGANIC PROMISE/BERRY FRUITFUL,1.0,14.6,3.0,0.0
TARO CHIPS,2.0,3.82,1.2,0.0
CEREALS RTE/QUAKER/QUAKER OATMEAL SQUARES,1.0,16.62,29.3,0.0
CEREALS RTE/KELLOGG/KELLOGG'S ALL-BRAN ORIGINAL,1.0,15.69,17.6,0.0
SNACK/POTATO CHIPS/MADE FROM DRIED POTATOES/PLN,2.0,1.14,0.82,0.0
Snacks/ CLIF BAR/ mixed flavors,2.0,31.62,6.62,0.0
CANDIES/DK CHOC COATD COFFEE BNS,3.0,42.5,2.7,13.0
CEREALS/RTE/MALT-O-MEAL/BLUEBERRY MINI SPOONERS,1.0,18.44,29.45,0.0
CANDIES/MARS SNACKFOOD US/SKITTLES TROPICAL BITE SIZE CAND,3.0,75.76,0.0,0.0
SYRUPS/CORN/DK,3.0,77.59,0.37,0.0
CEREALS RTE/GENERAL MILLS/CHEERIOS/YOGURT BURST/STRAWBERRY,1.0,30.0,15.0,0.0
CEREALS/QUAKER/INST OATMEAL/APPL & CINN/RED SUGAR,1.0,17.78,12.77,0.0
CEREALS/KASHI HEART TO HEART/INST OATMEAL/APPL CINN/DRY,1.0,28.0,4.2,0.0
PRETZELS/HARD/CONFECTIONER'S COATING/CHOCOLATE-FLAVOR,2.0,38.8,2.0,0.0
CEREALS/QUAKER/INST OATMEAL/FRUIT & CRM/RED SUGAR,1.0,17.66,12.13,0.0
CANDIES/MARS SNACKFOOD US/DOVE DK CHOC,3.0,46.27,3.18,7.0
ICE CREAMS/BREYERS/ALL NAT LT VANILLA,3.0,22.78,0.06,15.0
CEREALS RTE/KELLOGG'S FRSTD MINI-WHEATS TOUCH FRUIT MDL/RASP,1.0,17.8,29.5,0.0
CANDIES/REESE'S NUTRAGEOUS CANDY BAR,3.0,40.22,1.23,3.0
COCOA/DRY PDR/UNSWTND/HERSHEY'S EUROPEAN STYLE COCOA,3.0,0.0,36.0,0.0
PUDDINGS/BANANA/DRY MIX/REG/PREP W/ WHL MILK,3.0,15.98,0.04,9.0
CANDIES/CHOC COVERED/CARAMEL W/NUTS,3.0,41.35,1.7,0.0
MARMALADE/ORANGE,3.0,60.0,0.15,0.0
FORMULATED BAR/SLIM-FAST OPTIMA MEAL BAR/MILK CHOC PNUT,2.0,25.0,4.98,7.0
CEREALS RTE/POST/SHREDDED WHEAT/ORIGINAL BIG BISCUIT,1.0,0.94,2.95,0.0
SYRUPS/MALT,3.0,71.3,0.96,0.0
CEREALS RTE/MALT-O-MEAL/OAT BLENDERS W/ HONEY,1.0,22.09,45.7,0.0
ICE CREAMS/BREYERS/NO SUGAR ADDED/VANILLA FUDGE TWIRL,3.0,5.49,0.36,16.0
TORTILLA CHIPS/LOFAT/UNSALTED,2.0,0.85,1.6,0.0
CEREALS RTE/POST/HONEY BUNCHES OF OATS W/ VANILLA BUNCHES,1.0,20.6,28.9,0.0
EGG CUSTARDS/DRY MIX/PREP W/ 2% MILK,3.0,4.63,0.33,49.0
CEREALS/MALT-O-MEAL/CHOC/DRY,1.0,16.63,42.88,0.0
CANDIES/HERSHEY'S POT OF GOLD ALMOND BAR,3.0,38.46,1.85,13.0
TOPPINGS/STRAWBERRY,3.0,27.38,0.28,0.0
ICE CREAMS/VANILLA/LT/SOFT-SERVE,3.0,18.69,0.06,12.0
CANDIES/SWEET CHOCOLATE,3.0,51.48,2.76,0.0
CEREALS RTE/KELLOGG/KELLOGG'S SPL K BLUEBERRY,1.0,26.7,27.0,0.0
BEEF JERKY/CHOPD&FORMED,2.0,9.0,5.42,48.0
CEREALS RTE/QUAKER/SUN COUNTRY GRANOLA W/ ALMONDS,1.0,20.42,4.35,0.0
POPCORN/CARAMEL-COATED/W/PNUTS,2.0,45.36,3.91,0.0
CANDIES/TOOTSIE ROLL/CHOCOLATE-FLAVOR ROLL,3.0,56.32,0.8,2.0
CEREALS/CORN GRITS/YEL/REG & QUICK/UNENR/DRY,1.0,0.64,1.0,0.0
CANDIES/MARS SNACKFOOD US/SKITTLES SOURS ORIGINAL,3.0,73.16,0.01,0.0
PUDDING/LEMON/DRY MIX/REG/PREP W/ SUGAR/EGG YOLK & H2O,3.0,13.51,0.13,49.0
CANDIES/REESE'S BITES,3.0,48.03,0.85,7.0
SNACKS/POTATO CHIPS/RED FAT,2.0,0.22,1.35,0.0
CEREALS RTE/MALT-O-MEAL/HONEY NUT TOASTY O'S CRL,1.0,38.73,17.07,0.0
CANDIES/MARS SNACK US/STARBURST FRUIT CHEWS/FRT&CREM,3.0,57.98,0.01,0.0
CEREALS RTE/KELLOGG'S/RED SUGAR FRSTD FLAKES CRL,1.0,27.4,15.0,0.0
SNACKS/CANDY ROLLS/YOGURT-COVERED/FRUIT FLAV W/ HI VIT C,2.0,39.15,0.56,0.0
ICE CREAMS/VANILLA/RICH,3.0,20.65,0.34,92.0
Snac/ grano bar/ GENER MILLS/ NATUR VALLE/ CHEWY TRAIL MIX,2.0,42.86,8.71,0.0
CANDIES/MOUNDS CANDY BAR,3.0,46.19,2.09,2.0
CEREALS RTE/KELLOGG'S/SPL K VANILLA ALMOND,1.0,30.4,27.0,0.0
CEREALS RTE/KELLOGG'S SPL K CHOCOLATEY DELIGHT,1.0,29.9,26.1,0.0
FROSTING/GLAZ/CHC/PREP-FRM-RCIP/W/ BUTR/NFSMI RECIP NO. C-32,3.0,64.3,0.6,18.0
CEREALS RTE/WEETABIX WHL WHEAT CRL,1.0,2.0,5.16,0.0
CEREALS RTE/GENERAL MILLS/CHEERIOS/CHOC,1.0,34.4,16.7,0.0
ICE CREAMS/BREYERS/98% FAT FREE VANILLA,3.0,20.93,0.09,8.0
SNACKS/M&M MARS/KUDOS WHL GRAIN BAR/M&M'S MILK CHOC,2.0,37.81,0.85,4.0
CANDIES/FONDANT/PREPARED-FROM-RECIPE,3.0,88.9,0.01,0.0
CEREALS RTE/GENERAL MILLS/HONEY NUT CHEERIOS,1.0,33.2,16.1,0.0
CEREALS RTE/KELLOGG/SMORZ,1.0,42.7,15.0,0.0
PIE FILLINGS/CHERRY/LO CAL,3.0,9.15,0.33,0.0
CEREALS RTE/KASHI GOLEAN CRISP TSTD BERRY CRUMBLE,1.0,20.2,3.3,0.0
CANDIES/YORK BITES,3.0,75.0,0.94,1.0
CEREALS RTE/GENERAL MILLS/BERRY BURST CHEERIOS/TRIPLE BERRY,1.0,27.0,16.7,0.0
CEREALS/QUAKER/QUICK OATS/DRY,1.0,1.42,4.64,0.0
JAMS & PRESERVES/DIETETIC (WITH NA SACCHARIN)/ANY FLAVOR,3.0,37.81,0.4,0.0
CEREALS RTE/GENERAL MILLS/CINN TOAST CRUNCH,1.0,29.7,12.89,0.0
FROZEN NOVL/KLONDIKE/SLIM-A-BEAR/NO SGR ADDED/STICKLESS BAR,3.0,8.64,0.41,8.0
CHOCOLATE/DK/60-69% CACAO SOL,3.0,36.71,6.32,6.0
CANDIES/FUDGE/VANILLA/PREPARED-FROM-RECIPE,3.0,79.77,0.02,15.0
CANDIES/FUDGE/VANILLA W/ NUTS,3.0,71.0,0.41,13.0
CEREALS RTE/KELLOGG/KELLOGG'S SPL K,1.0,12.2,28.0,0.0
ICE CREAMS/VANILLA/FAT FREE,3.0,6.3,0.0,0.0
CANDIES/MARS SNACKFOOD US/STARBURST SOUR FRUIT CHEWS,3.0,56.1,0.01,0.0
CEREALS RTE/GENERAL MILLS/OATMEAL CRISP/CRUNCHY ALMOND,1.0,26.8,15.0,0.0
CHEWING GUM/SUGARLESS,3.0,0.0,0.0,0.0
CEREALS RTE/GENERAL MILLS/DORA THE EXPLORER,1.0,21.2,30.0,0.0
FROZEN NOVELTIES/KLONDIKE/SLIM-A-BEAR VANILLA SNDWCH,3.0,21.82,0.38,4.0
SNACKS/PITA CHIPS/SALTED,2.0,4.76,4.59,0.0
CANDIES/REESE'S/FAST BREAK/MILK CHOC PNT BTR & SFT NUGTS,3.0,53.08,0.96,4.0
SNACKS/GRANOLA BAR/CHEWY/RED SUGAR/ALL FLAVORS,2.0,20.8,2.03,0.0
JELLIES/RED SUGAR/HOME PRESERVED,3.0,45.3,0.18,0.0
CANDIES/KIT KAT WAFER BAR,3.0,48.68,1.0,11.0
CANDIES/MARS SNACKFOOD US/M&M'S PNUT CHOC CANDIES,3.0,50.75,1.16,8.0
CEREALS RTE/GENERAL MILLS/NATURE VALLEY LOFAT FRUIT GRANOLA,1.0,33.41,2.0,0.0
CANDIES/MARS SNACKFOOD US/SKITTLES WILD BERRY BITE SIZE,3.0,75.92,0.0,0.0
POPCORN/OIL-POPPED/LOFAT,2.0,0.92,2.28,0.0
CANDIES/PRALINE/PREPARED-FROM-RECIPE,3.0,55.79,1.29,0.0
CEREALS RTE/POST/GRAPE-NUTS CRL,1.0,8.9,38.06,0.0
CEREALS RTE/QUAKER/MOTHER'S COCOA BUMPERS,1.0,41.84,5.29,0.0
PUDDINGS/VANILLA/DRY MIX/INST/PREP W/ WHL MILK,3.0,18.03,0.07,11.0
CANDIES/MARS SNACKFOOD US/POP SNICKERS BITE SIZE CANDIES,3.0,51.69,0.72,13.0
SNACKS/NUTRI-GRAIN FRUIT & NUT BAR,2.0,32.45,5.65,0.0
CEREALS RTE/GENERAL MILLS/25% LESS SUGAR TRIX,1.0,23.9,17.1,0.0
CEREALS RTE/GENERAL MILLS/HONEY NUT CHEX,1.0,28.13,14.06,0.0
DESSERTS/EGG CUSTARD/BKD/PREPARED-FROM-RECIPE,3.0,11.0,0.35,84.0
POPCORN/OIL-POPPED/LOFAT,2.0,0.65,2.87,0.0
CEREALS/QUAKER/INST OATMEAL ORGANIC/REG,1.0,1.0,4.2,0.0
CEREALS RTE/MALT-O-MEAL/BERRY COLOSSAL CRUNCH,1.0,43.86,30.0,0.0
DESSERTS/PUDD/COCNT CRM/DRY MIX/INST,3.0,64.0,0.72,0.0
POTATO CHIPS/PLN/UNSALTED,2.0,0.22,1.63,0.0
POTATO CHIPS/WO/SALT/RED FAT,2.0,0.22,1.35,0.0
CEREALS RTE/GENERAL MILLS/OAT CLUSTER CHEERIOS CRUNCH,1.0,27.9,16.7,0.0
CANDIES/MILK CHOC,3.0,51.5,2.35,23.0
CEREALS/OATS/INST/FORT/W/ RAISINS & SPICE/PREP W/ H2O,1.0,8.71,2.21,0.0
CANDIES/HERSHEY/KIT KAT BIG KAT BAR,3.0,53.96,0.84,9.0
CEREALS RTE/KELLOGG/KELLOGG'S FROOT LOOPS,1.0,41.7,15.5,0.0
CEREALS RTE/KELLOGG'S FRSTD MINI-WHEATS BITE SZ BLUEB MUFFIN,1.0,22.7,29.5,0.0
CANDIES/SYMPHONY MILK CHOC BAR,3.0,53.96,0.91,24.0
CANDIES/TWIZZLERS STRAWBERRY TWISTS CANDY,3.0,39.64,0.51,0.0
CEREALS RTE/MARSHMLLW ALPHA-BITS,1.0,35.7,9.31,0.0
CEREALS RTE/MALT-O-MEAL/MARSHMLLW MATEYS,1.0,42.8,19.3,1.0
CEREALS RTE/QUAKER/QUAKER HONEY GRAHAM LIFE CRL,1.0,23.12,29.73,0.0
CEREALS RTE/BEAR NAKED BANANA NUT,1.0,21.7,2.5,0.0
PIE FILLINGS/BLUEBERRY/CND,3.0,37.75,0.8,0.0
CEREALS/QUAKER/INST OATMEAL EXPRESS/BKD APPL/DRY,1.0,31.48,7.33,8.0
CEREALS RTE/POST/GREAT GRAINS/RAISIN/DATE & PECAN,1.0,24.1,16.4,0.0
CEREALS RTE/GENERAL MILLS/COCOA PUFFS,1.0,37.2,16.7,0.0
GRANOLA BARS/SOFT/COATD/MILK CHOC COATING/PNUT BUTTER,2.0,23.74,1.45,12.0
CANDIES/NESTLE/AFTER EIGHT MINTS,3.0,66.6,0.57,0.0
POPCORN/CHEESE-FLAVOR,2.0,0.79,2.24,11.0
CEREALS RTE/KELLOGG'S FRSTD FLAKES/CHOCO ZUCARITAS,1.0,38.1,15.0,0.0
CEREALS/CRM OF RICE/CKD W/H2O/WO/SALT,1.0,0.04,3.96,0.0
CEREALS RTE/KELLOGG/KELLOGG'S CORN FLAKES,1.0,9.5,28.9,0.0
CEREALS RTE/KASHI GOLEAN CRUNCH!,1.0,24.0,3.3,0.0
CANDIES/GUM DROPS/DIETETIC OR LO CAL (SORBITOL),3.0,70.0,0.0,0.0
CEREALS RTE/MALT-O-MEAL/COLOSSAL CRUNCH,1.0,42.09,30.0,0.0
CEREALS RTE/ALPEN,1.0,20.0,3.0,0.0
CEREALS/QUAKER/INST GRITS PRODUCT W/ HAM 'N' CHS/DRY,1.0,3.57,28.93,1.0
Snack/gran bar/GENERAL MILLS/ NATURE VALLEY/ w yogu coati,2.0,40.0,1.03,0.0
BAKING CHOC/MARS SNACKFOOD US/M&M'S MILK CHOC MINI BAK BITS,3.0,62.54,1.23,15.0
SNACK/PRETZEL/HARD CHOC COATD,2.0,38.8,2.54,0.0
FORM BAR/MARS SNKF US/SNICKERS MARATHON MULTIGRNCRUNCH,2.0,33.04,14.67,3.0
CEREALS RTE/GENERAL MILLS/COCOA PUFFS BROWNIE CRUNCH,1.0,32.79,16.7,0.0
CEREALS RTE/FRSTD OAT CRL W/MARSHMALLOWS,1.0,43.5,15.87,0.0
CEREALS RTE/KELLOGG/KELLOGG'S LOFAT GRANOLA WO/ RAISINS,1.0,28.3,3.7,0.0
SNACKS/GRANOLA BAR/KASHI TLC BAR/CHEWY/MXD FLAVORS,2.0,17.14,3.39,0.0
CEREALS RTE/POST/FRUITY PEBBLES,1.0,34.4,6.7,0.0
ICE CREAMS/VANILLA,3.0,21.22,0.09,44.0
CEREALS RTE/MALT-O-MEAL/CRISPY RICE,1.0,9.0,35.09,0.0
CANDIES/NESTLE/OH HENRY! BAR,3.0,46.2,0.5,7.0
PUDDINGS/TAPIOCA/RTE/FAT FREE,3.0,14.18,0.11,1.0
CANDIES/HERSHEY'S MILK CHOC W/ ALMOND BITES,3.0,44.59,1.5,19.0
SNACKS/FRITOLAY/SUNCHIPS/MULTIGRAIN/FRENCH ONION FLAVOR,2.0,8.82,1.55,0.0
BANANA CHIPS,2.0,35.34,1.25,0.0
CEREALS RTE/KASHI GO LN CRUNCH!/HONEY ALMOND FLAX,1.0,22.1,2.8,0.0
CANDIES/MARS SNACKFOOD US/SNICKERS ALMOND BAR,3.0,53.93,0.85,13.0
CEREALS/FARINA/ENR/CKD W/ H2O/WO/ SALT,1.0,0.76,5.33,0.0
CEREALS RTE/POST/SHREDDED WHEAT/ORIGINAL SPOON-SIZE,1.0,0.9,2.5,0.0
CEREALS RTE/MALT-O-MEAL/APPL ZINGS,1.0,47.18,30.42,0.0
CEREALS RTE/KASHI ORGANIC PROMISE/CINN HARVEST,1.0,16.5,2.8,0.0
ICE CREAMS/CHOC,3.0,25.36,0.93,34.0
SNACKS/TORTILLA CHIPS/PLN/WHITE CORN/SALTED,2.0,0.8,1.56,0.0
CANDIES/REESE'S PNUT BUTTER CUPS,3.0,47.17,1.21,6.0
CEREALS RTE/POST/COCOA PEBBLES,1.0,35.8,6.2,0.0
CEREALS/WHL WHEAT HOT NAT CRL/CKD W/ H2O/W/ SALT,1.0,0.08,0.62,0.0
CEREALS RTE/KELLOGG'S POPS MIXIT CRL/ALL FLAVORS,1.0,38.78,15.42,0.0
CEREALS RTE/GENERAL MILLS/COOKIE CRISP,1.0,34.8,17.3,0.0
ICE CREAMS/FRENCH VANILLA/SOFT-SERVE,3.0,21.16,0.21,91.0
MILLET/PUFFED,1.0,0.55,2.81,0.0
Snac/ grano bar/ GENER MILLS NATURE VALL/ SWE&SAL NUT/ peanu,2.0,33.14,1.44,0.0
CANDIES/TWIZZLERS NIBS CHERRY BITS,3.0,51.35,0.28,0.0
CANDIES/HERSHEY'S GOLDEN ALMOND SOLITAIRES,3.0,37.13,2.5,13.0
PRETZELS/SOFT,2.0,0.25,3.92,0.0
CEREALS RTE/MALT-O-MEAL/FRSTD FLAKES,1.0,38.04,19.12,0.0
CANDIES/SWT CHOC COATD FONDANT,3.0,71.42,1.56,0.0
CEREALS RTE/MUESLI/DRIED FRUIT & NUTS,1.0,31.0,8.75,0.0
SNACKS/POPCORN/OIL-POPPED/MICROWAVE/REG FLAVOR/NO TRANS FAT,2.0,0.46,1.98,0.0
CEREALS/MALT-O-MEAL/FARINA HOT WHEAT CRL/DRY,1.0,0.7,40.93,0.0
CEREALS/OATS/REG & QUICK/NOT FORT/DRY,1.0,0.99,4.25,0.0
CEREALS RTE/POST/HONEYCOMB CRL,1.0,31.2,8.4,0.0
CEREALS/QUAKER/INST OATMEAL EXPRESS/GOLDEN BROWN SUGAR/DRY,1.0,33.3,6.67,0.0
CANDIES/ CARAMELS/ CHOCOLATE-FLAVOR ROLL,3.0,56.32,0.8,2.0
CEREALS RTE/QUAKER/TSTD MULTIGRAIN CRISPS,1.0,16.34,29.95,0.0
CEREALS RTE/POST GREAT GRAINS BANANA NUT CRUNCH,1.0,18.1,27.5,0.0
CEREALS RTE/KELLOGG'S RICE KRISPIES/GLUTEN FREE,1.0,3.7,30.0,0.0
CEREALS RTE/KASHI SIMPLY MAIZE,1.0,22.1,2.6,0.0
CANDIES/MARSHMALLOWS,3.0,57.56,0.23,0.0
CANDIES/NESTLE/BIT-O'-HONEY CANDY CHEWS,3.0,48.0,0.2,0.0
SUGARS/MAPLE,3.0,84.87,1.61,0.0
CEREALS RTE/QUAKER OATMEAL SQUARES/GOLDEN MAPLE,1.0,16.84,32.75,0.0
CANDIES/KRACKEL CHOC BAR,3.0,52.53,1.06,11.0
SNACKS/POTATO STKS,2.0,0.22,2.27,0.0
CEREALS RTE/QUAKER/CHRISTMAS CRUNCH,1.0,44.31,19.78,0.0
CEREALS/CREAM OF WHEAT/INST/PREP W/ H2O/WO/ SALT,1.0,0.07,4.96,0.0
CEREALS RTE/KELLOGG/KELLOGG'S CINN MINI SWIRLZ,1.0,11.0,6.0,0.0
SNACKS/TORTILLA CHIPS/UNSALTED/WHITE CORN,2.0,1.0,2.32,0.0
ICE CREAMS/BREYERS/NO SUGAR ADDED/VANILLA CHOC STRAWBERRY,3.0,6.15,0.27,18.0
CEREALS RTE/KELLOGG/KELLOGG'S MUESLIX,1.0,25.5,8.2,0.0
CEREALS RTE/KASHI HEART TO HEART/WARM CINN,1.0,14.3,8.7,0.0
PECTIN/LIQUID,3.0,0.0,0.0,0.0
CEREALS RTE/POST SELECTS MAPLE PECAN CRUNCH,1.0,23.08,3.46,0.0
CEREALS RTE/KASHI HEART TO HEART/HONEY TSTD OAT,1.0,15.6,5.5,0.0
CEREALS/WHEATENA/DRY,1.0,1.6,3.57,0.0
CEREALS RTE/MALT-O-MEAL/FRUITY DYNO-BITES,1.0,42.6,7.62,1.0
FORM BAR/ZONE PERFECT CLASSIC CRUNCH BAR/MXD FLAVORS,2.0,27.0,3.6,8.0
CEREALS/OATS/INST/FORT/PLN/DRY,1.0,1.5,24.72,0.0
HONEY,3.0,82.12,0.42,0.0
FROZEN NOVELTIES/KLONDIKE/SLIM-A-BEAR CHOC CONE,3.0,24.62,0.75,2.0
CANDIES/NESTLE/CRUNCH BAR&DSSRT TOPPING,3.0,55.0,0.7,13.0
FROSTINGS/CHOC/CREAMY/RTE,3.0,57.7,1.42,0.0
CANDIES/MARS SNACKFOOD US/MILKYWAYCARAML/MILKCHOCOV,3.0,58.65,0.34,20.0
CANDIES/HERSHEY/REESESTICKS CRISPY WAFERS/PNUT BUT/MILK CHOC,3.0,40.33,1.3,6.0
CEREALS RTE/KELLOGG/KELLOGG'S MINI-WHEATS/UNFROSTED BITE SZE,1.0,0.4,29.5,0.0
CEREALS RTE/NATURE'S PATH/OPTIMUM,1.0,29.09,4.91,0.0
CEREALS/QUAKER/INST OATMEAL/FRUIT & CRM VAR/DRY,1.0,31.27,11.3,0.0
CEREALS RTE/GENERAL MILLS/APPL CINN CHEERIOS,1.0,34.2,15.0,0.0
GELATIN DSSRT/DRY MIX/RED CAL/W/ ASPRT/PREP W/ H2O,3.0,0.0,0.01,0.0
CEREALS/QUAKER/HOMINY GRITS/WHITE/REG/DRY,1.0,1.0,4.39,0.0
SYRUPS/MAPLE,3.0,67.9,0.11,0.0
FORMULATED BAR/LUNA BAR/NUTZ OVER CHOC,2.0,16.9,14.2,0.0
FROZEN YOGURTS/VANILLA/SOFT-SERVE,3.0,24.0,0.3,2.0
SNACKS/GRANOLA BAR/KASHI GOLEAN/CHEWY/MXD FLAVORS,2.0,42.31,1.62,6.0
CANDIES/CARAMELS,3.0,65.5,0.14,7.0
CEREALS RTE/GENERAL MILLS/25% LESS SUGAR CINN TOAST CRUNCH,1.0,19.7,12.89,0.0
CEREALS RTE/KASHI 7 WHL GRAIN PUFFS,1.0,0.93,3.0,0.0
CHOCOLATE/DK/70-85% CACAO SOL,3.0,23.99,11.9,3.0
CEREALS RTE/GENERAL MILLS/RICE CHEX,1.0,8.1,33.3,0.0
CEREALS RTE/GENERAL MILLS/HONEY NUT CHEERIOS/MEDLEY CRUNCH,1.0,29.1,14.5,0.0
CANDIES/TAFFY/PREPARED-FROM-RECIPE,3.0,68.48,0.01,9.0
ICE CREAMS/REG/LO CARBOHYDRATE/CHOC,3.0,6.35,0.93,34.0
CEREALS/OATS/INST/FORT/W/ CINN & SPICE/DRY,1.0,25.33,8.46,0.0
CEREALS RTE/FAMILIA,1.0,23.2,2.78,0.0
CEREALS RTE/KASHI/KASHI U,1.0,19.2,2.8,0.0
FORM BAR/MARS SNACKFOOD US/COCOAVIA/CHOC ALMOND,2.0,27.03,2.21,2.0
FROZEN NOVELTIES/NO SUGAR ADDED CREAMSICLE POPS,3.0,2.75,0.28,3.0
JAMS AND PRESERVES,3.0,48.5,0.49,0.0
ICE CREAMS/CHOC/LT/NO SUGAR ADDED,3.0,5.65,0.48,16.0
CANDIES/MARS SNACKFOOD US/DOVE MILK CHOC,3.0,55.45,1.11,18.0
CANDIES/MARS SNACKFOOD US/M&M'S PNUT BUTTER CHOC CANDIES,3.0,47.15,1.06,7.0
CEREALS RTE/KELLOGG'S FRSTD MINI-WHEATS/BIG BITE,1.0,20.3,28.0,0.0
FROZEN NOVELTIES/NO SUGAR ADDED/FUDGESICLE POPS,3.0,3.93,0.94,2.0
SYRUPS/DIETETIC,3.0,0.01,0.0,0.0
CANDIES/M&M MARS 3 MUSKETEERS TRUFFLE CRISP,3.0,57.69,1.88,18.0
TOPPINGS/PINEAPPLE,3.0,21.01,0.12,0.0
CEREALS/QUAKER/INST OATMEAL/RAISINS/DATES & WALNUTS/DRY,1.0,30.85,10.7,0.0
EGG CUSTARDS/DRY MIX/PREP W/ WHL MILK,3.0,4.82,0.34,51.0
CEREALS RTE/POST HONEY BUNCHES OF OATS W/ CINN BUNCHES,1.0,20.2,27.0,0.0
CEREALS RTE/MALT-O-MEAL/GOLDEN PUFFS,1.0,51.34,7.92,0.0
CANDIES/MARS SNACKFOOD US/SNICKERS MUNCH BAR,3.0,30.87,1.02,24.0
CANDIES/5TH AVENUE CANDY BAR,3.0,47.19,1.2,6.0
SNACKS/GRANOLA BARS/QUAKER OATMEAL TO GO/ALL FLAVORS,2.0,31.54,6.0,36.0
CEREALS RTE/QUAKER/QUAKER PUFFED WHEAT,1.0,1.37,4.41,0.0
SESAME STKS/WHEAT-BASED/SALTED,2.0,0.19,0.74,0.0
CEREALS/QUAKER/INST OATMEAL/RAISIN & SPICE/DRY,1.0,35.65,9.1,0.0
SWEETENERS/TABLETOP/ASPRT/EQ/PACKETS,3.0,80.7,0.04,0.0
MOLASSES,3.0,74.72,4.72,0.0
SNACKS/VEG CHIPS/HAIN CELESTIAL GROUP/TERRA CHIPS,2.0,9.75,1.64,0.0
SNACKS/TORTILLA CHIPS/LOFAT/MADE W/OLESTRA/NACHO CHS,2.0,2.82,4.8,2.0
BAK CHOC/MARS SNACKFOOD US/M&M'S SEMISWT CHOC MINI BAK BITS,3.0,53.07,2.91,3.0
CEREALS RTE/GENERAL MILLS/TOTAL RAISIN BRAN,1.0,32.3,34.0,0.0
CANDIES/MILK CHOC/W/RICE CRL,3.0,51.06,2.65,23.0
CANDIES/NESTLE/BUTTERFINGER BAR,3.0,45.9,0.79,0.0
SNACKS/CORN-BASED/EXTRUDED/ONION-FLAVOR,2.0,4.83,3.72,0.0
SYRUPS/TABLE BLENDS/PANCAKE,3.0,21.47,0.03,0.0
PUDDINGS/CHOC/RTE,3.0,17.17,1.27,1.0
ICE CREAMS/CHOC/RICH,3.0,17.35,1.02,60.0
